name	grid	source_photo	confidence
Abe Ave.	E 7	2026-09-18 11.29.31.jpg	certain
Abbott Pl.	G 2	2026-09-18 11.29.31.jpg	certain
Abington	E 7	2026-09-18 11.29.31.jpg	certain
Acacia St.	H 11	2026-09-18 11.29.31.jpg	certain
Acton St.	K 9	2026-09-18 11.29.31.jpg	certain
Adair St.	I 17	2026-09-18 11.29.31.jpg	certain
Adams St.	F 16	2026-09-18 11.29.31.jpg	certain
Adelaide St.	P 16	2026-09-18 11.29.31.jpg	certain
Adobe St.	K 10	2026-09-18 11.29.31.jpg	certain
Adrian St.	E 7	2026-09-18 11.29.31.jpg	certain
Agate St.	P 7	2026-09-18 11.29.31.jpg	certain
Agatha St.	J 15	2026-09-18 11.29.31.jpg	certain
Agnes St.	H 8	2026-09-18 11.29.31.jpg	certain
Agricultural Ave.	D 19	2026-09-18 11.29.31.jpg	certain
Alameda St.	L 14	2026-09-18 11.29.31.jpg	certain
Alamo St.	M 18	2026-09-18 11.29.31.jpg	certain
Alba St.	K 23	2026-09-18 11.29.31.jpg	certain
Albany St.	G 13	2026-09-18 11.29.31.jpg	certain
Albertine St.	P 16	2026-09-18 11.29.31.jpg	certain
Albion St.	N 9	2026-09-18 11.29.31.jpg	certain
Alcazar St.	Q 11	2026-09-18 11.29.31.jpg	certain
Aldama St.	L 3	2026-09-18 11.29.31.jpg	certain
Alergo St.	F 19	2026-09-18 11.29.31.jpg	probable
Alessandro St.	H 1	2026-09-18 11.29.31.jpg	certain
Alhambra Ave.	G 9	2026-09-18 11.29.31.jpg	certain
Alice	M 5	2026-09-18 11.29.31.jpg	certain
Aliso	L 12	2026-09-18 11.29.31.jpg	certain
Allegheny Ave.	N 18	2026-09-18 11.29.31.jpg	certain
Allison St.	I 9	2026-09-18 11.29.31.jpg	certain
Alosta St.	N 18	2026-09-18 11.29.31.jpg	certain
Alpine	J 10	2026-09-18 11.29.31.jpg	certain
Alta St.	P 9	2026-09-18 11.29.31.jpg	certain
Altura St.	Q 8	2026-09-18 11.29.31.jpg	certain
Alvarado St.	F 13	2026-09-18 11.29.31.jpg	certain
Alvarado Tr.	E 14	2026-09-18 11.29.31.jpg	certain
Alvise St.	Q 4	2026-09-18 11.29.31.jpg	certain
Amabel St.	O 6	2026-09-18 11.29.31.jpg	certain
Amador St.	L 8	2026-09-18 11.29.31.jpg	certain
Amelia St.	L 13	2026-09-18 11.29.31.jpg	certain
Amey St.	D 15	2026-09-18 11.29.31.jpg	certain
Anderson St.	M 13	2026-09-18 11.29.31.jpg	certain
Andrew St.	O 7	2026-09-18 11.29.31.jpg	certain
Angelino	J 11	2026-09-18 11.29.31.jpg	certain
Angelica St.	H 8	2026-09-18 11.29.31.jpg	certain
Ann St.	L 10	2026-09-18 11.29.31.jpg	certain
Antonia Ave.	N 10	2026-09-18 11.29.31.jpg	certain
Avablaza St.	L 12	2026-09-18 11.29.31.jpg	probable
Aragon St.	N 6	2026-09-18 11.29.31.jpg	certain
Arrapahoe St.	E 13	2026-09-18 11.29.31.jpg	certain
Arcadia St.	A 12	2026-09-18 11.29.31.jpg	certain
Arlington St.	A 15	2026-09-18 11.29.31.jpg	uncertain
Arnold St.	H 10	2026-09-18 11.29.31.jpg	certain
Arroyo Seco Drive	M 4	2026-09-18 11.29.31.jpg	certain
Ash St.	L 3	2026-09-18 11.29.31.jpg	certain
Ashland Ave.	P 8	2026-09-18 11.29.31.jpg	certain
Atlantic St.	L 16	2026-09-18 11.29.31.jpg	uncertain
Aubrey St.	O 15	2026-09-18 11.29.31.jpg	certain
Augusta St.	L 11	2026-09-18 11.29.31.jpg	certain
Aurora St.	M 9	2026-09-18 11.29.31.jpg	certain
Austin St.	I 19	2026-09-18 11.29.31.jpg	certain
Avalon St.	J 7	2026-09-18 11.29.31.jpg	certain
Ave. 18	N 9	2026-09-18 11.29.42.jpg	certain
Ave. 19	N 9	2026-09-18 11.29.42.jpg	certain
Ave 20.	N 8	2026-09-18 11.29.42.jpg	probable
Ave. 21.	N 8	2026-09-18 11.29.42.jpg	probable
Ave. 22	N 8	2026-09-18 11.29.42.jpg	certain
Ave. 23	O 7	2026-09-18 11.29.42.jpg	certain
Ave. 24	O 7	2026-09-18 11.29.42.jpg	certain
Ave. 25	N 8	2026-09-18 11.29.42.jpg	certain
Ave. 26	N 8	2026-09-18 11.29.42.jpg	certain
Ave. 28	O 8	2026-09-18 11.29.42.jpg	certain
Ave 29	O 8	2026-09-18 11.29.42.jpg	certain
Ave. 31	O 7	2026-09-18 11.29.42.jpg	certain
Ave. 32	O 7	2026-09-18 11.29.42.jpg	certain
Ave. 33	P 7	2026-09-18 11.29.42.jpg	certain
Ave. 34	O 7	2026-09-18 11.29.42.jpg	certain
Ave. 35	O 7	2026-09-18 11.29.42.jpg	certain
Ave. 36	O 6	2026-09-18 11.29.42.jpg	certain
Ave. 37	P 6	2026-09-18 11.29.42.jpg	certain
Ave. 38	P 6	2026-09-18 11.29.42.jpg	certain
Ave 39	P 6	2026-09-18 11.29.42.jpg	certain
Ave. 40	P 6	2026-09-18 11.29.42.jpg	certain
Ave. 41	O 5	2026-09-18 11.29.42.jpg	probable
Ave. 42	P 6	2026-09-18 11.29.42.jpg	probable
Ave. 43	P 5	2026-09-18 11.29.42.jpg	probable
Ave. 44	P 5	2026-09-18 11.29.42.jpg	probable
Ave. 48	Q 4	2026-09-18 11.29.42.jpg	probable
Ave. 45	P 4	2026-09-18 11.29.42.jpg	probable
Ave. 49	Q 4	2026-09-18 11.29.42.jpg	probable
Ave. 50	P 3	2026-09-18 11.29.42.jpg	probable
Ave. 51	Q 3	2026-09-18 11.29.42.jpg	probable
Ave. 52	Q 3	2026-09-18 11.29.42.jpg	probable
Ave. 53	Q 3	2026-09-18 11.29.42.jpg	probable
Ave 54	Q 3	2026-09-18 11.29.42.jpg	probable
Ave. 55	R 3	2026-09-18 11.29.42.jpg	probable
Avenue 56	L 4	2026-09-18 11.29.42.jpg	certain
Ave. 57	L 4	2026-09-18 11.29.42.jpg	certain
Ave. 58	L 4	2026-09-18 11.29.42.jpg	certain
Ave. 59	L 4	2026-09-18 11.29.42.jpg	certain
Ave. 60	L 4	2026-09-18 11.29.42.jpg	certain
Ave. 61	L 4	2026-09-18 11.29.42.jpg	certain
Avenue 63	N 3	2026-09-18 11.29.42.jpg	certain
Avenue 64	N 3	2026-09-18 11.29.42.jpg	certain
Avenue 65	N 3	2026-09-18 11.29.42.jpg	certain
Avenue 66	N 3	2026-09-18 11.29.42.jpg	certain
Avery St.	L 14	2026-09-18 11.29.42.jpg	certain
Avila St.	L 12	2026-09-18 11.29.42.jpg	certain
Avon Ave.	J 6	2026-09-18 11.29.42.jpg	certain
Azusa St.	K 13	2026-09-18 11.29.42.jpg	certain
B St.	I 6	2026-09-18 11.29.51.jpg	certain
Bailey St.	O 12	2026-09-18 11.29.51.jpg	certain
Baker St.	M 9	2026-09-18 11.29.51.jpg	certain
Baldwin St.	O 9	2026-09-18 11.29.51.jpg	certain
Baltimore	L 3	2026-09-18 11.29.51.jpg	certain
Bandini St.	H 8	2026-09-18 11.29.51.jpg	certain
Banning St.	L 13	2026-09-18 11.29.51.jpg	certain
Barbee St.	P 10	2026-09-18 11.29.51.jpg	certain
Barlow St.	P 12	2026-09-18 11.29.51.jpg	certain
Barnard Park	G 16	2026-09-18 11.29.51.jpg	certain
Barranca St.	O 8	2026-09-18 11.29.51.jpg	certain
Baredon	M 17	2026-09-18 11.29.51.jpg	probable
Bartlett St.	J 10	2026-09-18 11.29.51.jpg	certain
Bartol St.	F 20	2026-09-18 11.29.51.jpg	certain
Bauchet St.	L 11	2026-09-18 11.29.51.jpg	probable
Bandera St.	K 23	2026-09-18 11.29.51.jpg	probable
Baxter St.	J 6	2026-09-18 11.26.23.jpg	certain
Bay St.	J 16	2026-09-18 11.29.51.jpg	certain
Beacon St.	F 13	2026-09-18 11.29.51.jpg	certain
Beale St.	M 10	2026-09-18 11.29.51.jpg	certain
Beaudry Ave.	J 10	2026-09-18 11.26.23.jpg	certain
Beaver Ave.	N 18	2026-09-18 11.26.23.jpg	certain
Beech St.	O 6	2026-09-18 11.26.23.jpg	certain
Bell St.	P 15	2026-09-18 11.26.23.jpg	certain
Bellevue Ave.	F 8	2026-09-18 11.26.23.jpg	certain
Belmont Ave.	H 10	2026-09-18 11.26.23.jpg	certain
Belvedere	F 6	2026-09-18 11.29.51.jpg	certain
Belmont Ave.	H 10	2026-09-18 11.29.51.jpg	certain
Benton Boulevard	E 11	2026-09-18 11.29.51.jpg	certain
Benjamin	L 12	2026-09-18 11.29.51.jpg	certain
Berendo St.	D 13	2026-09-18 11.29.51.jpg	certain
Berkeley Ave.	H 7	2026-09-18 11.29.51.jpg	certain
Bernardo St.	L 10	2026-09-18 11.29.51.jpg	certain
Bigby St.	P 11	2026-09-18 11.29.51.jpg	certain
Birch St.	K 16	2026-09-18 11.29.51.jpg	certain
Bird St.	P 13	2026-09-18 11.29.51.jpg	certain
Bishop Road	L 10	2026-09-18 11.29.51.jpg	certain
Bixel St.	H 12	2026-09-18 11.29.51.jpg	certain
Blaine St.	G 13	2026-09-18 11.29.51.jpg	certain
Bloom St.	M 10	2026-09-18 11.29.51.jpg	certain
Bluff St.	F 11	2026-09-18 11.29.51.jpg	certain
Bolsa	H 11	2026-09-18 11.29.51.jpg	certain
Bonanza St.	F 19	2026-09-18 11.29.51.jpg	certain
Bond St.	G 14	2026-09-18 11.29.51.jpg	certain
Bonita Ave.	C 15	2026-09-18 11.29.51.jpg	certain
Bonnie Brae St.	F 13	2026-09-18 11.29.51.jpg	certain
Bonsallo Ave.	F 16	2026-09-18 11.29.51.jpg	certain
Booth St.	M 3	2026-09-18 11.29.51.jpg	certain
Boston St.	J 11	2026-09-18 11.29.51.jpg	certain
Bautista Ave.	O 10	2026-09-18 11.29.51.jpg	certain
Boulder St.	P 13	2026-09-18 11.29.51.jpg	certain
Bouett St.	L 8	2026-09-18 11.29.31.jpg	probable
Boyd St.	K 13	2026-09-18 11.29.31.jpg	certain
Boyle Ave.	N 16	2026-09-18 11.29.31.jpg	certain
Boylston St.	I 12	2026-09-18 11.29.31.jpg	certain
Branch St.	M 3	2026-09-18 11.29.31.jpg	certain
Breed St.	P 12	2026-09-18 11.29.31.jpg	certain
Brent St.	I 10	2026-09-18 11.39.47.jpg	certain
Bridge St.	N 12	2026-09-18 11.39.47.jpg	certain
Brighton Ave.	B 17	2026-09-18 11.39.47.jpg	certain
Britannia St.	P 12	2026-09-18 11.39.47.jpg	certain
Broadway	I 14	2026-09-18 11.39.47.jpg	certain
Brook	I 11	2026-09-18 11.39.47.jpg	certain
Brooks Ave.	L 8	2026-09-18 11.29.31.jpg	certain
Brooklyn Ave.	O 13	2026-09-18 11.29.31.jpg	certain
Bruno St.	L 11	2026-09-18 11.29.31.jpg	certain
Bryan St.	G 8	2026-09-18 11.29.31.jpg	certain
Buchanan	L 3	2026-09-18 11.29.31.jpg	certain
Buena Vista St.	L 10	2026-09-18 11.29.31.jpg	certain
Budlong Ave.	C 15	2026-09-18 11.29.31.jpg	probable
Bunkerhill Ave.	J 12	2026-09-18 11.29.31.jpg	probable
Burlington Ave.	G 13	2026-09-18 11.29.31.jpg	certain
Burtz	G 9	2026-09-18 11.29.31.jpg	certain
Bush St.	E 15	2026-09-18 11.29.31.jpg	certain
Butte St.	M 17	2026-09-18 11.29.31.jpg	certain
Byram St.	G 14	2026-09-18 11.29.31.jpg	certain
C St.	I 6	2026-09-18 11.29.31.jpg	certain
Cadina St.	K 23	2026-09-18 11.29.31.jpg	probable
Cahuenga St.	B 13	2026-09-18 11.29.31.jpg	certain
California St.	K 12	2026-09-18 11.29.31.jpg	certain
Calumet Ave.	I 10	2026-09-18 11.29.31.jpg	certain
Cambria St.	G 12	2026-09-18 11.29.31.jpg	certain
Cambridge St.	B 14	2026-09-18 11.29.31.jpg	certain
Camulos St.	O 16	2026-09-18 11.29.31.jpg	certain
Cardillo St.	I 9	2026-09-18 11.29.31.jpg	certain
Cardinal St.	N 10	2026-09-18 11.29.31.jpg	certain
Carlton St.	P 16	2026-09-18 11.29.31.jpg	certain
Carlota Boulevard	Q 4	2026-09-18 11.29.31.jpg	certain
Carmona St.	I 20	2026-09-18 11.29.31.jpg	certain
Carolina St.	L 14	2026-09-18 11.29.31.jpg	certain
Carondelet St.	F 11	2026-09-18 11.29.31.jpg	certain
Carr St.	H 15	2026-09-18 11.29.31.jpg	certain
Carillo St.	I 9	2026-09-18 11.29.31.jpg	certain
Carroll Ave.	I 9	2026-09-18 11.29.31.jpg	certain
Casnora St.	M 9	2026-09-18 11.29.31.jpg	probable
Casco St.	G 9	2026-09-18 11.29.31.jpg	certain
Castelar St.	K 11	2026-09-18 11.29.31.jpg	certain
Castle St.	H 6	2026-09-18 11.29.31.jpg	certain
Catalina St.	D 12	2026-09-18 11.29.31.jpg	certain
Cavetano St.	L 12	2026-09-18 11.29.31.jpg	certain
Cecilia St.	J 15	2026-09-18 11.29.31.jpg	certain
Cedar St.	O 6	2026-09-18 11.29.31.jpg	certain
Centennial St.	J 11	2026-09-18 11.26.23.jpg	certain
Center St.	L 13	2026-09-18 11.26.23.jpg	certain
Cemetery St.	K 10	2026-09-18 11.26.23.jpg	certain
Center Place	K 13	2026-09-18 11.26.23.jpg	certain
Central Ave.	K 15	2026-09-18 11.26.23.jpg	certain
Ceres Ave.	K 15	2026-09-18 11.26.23.jpg	certain
Cerro Gordo	J 16	2026-09-18 11.29.42.jpg	certain
Channing St.	L 16	2026-09-18 11.29.42.jpg	certain
Chapman St.	F 10	2026-09-18 11.29.42.jpg	certain
Charlotte St.	P 11	2026-09-18 11.29.42.jpg	certain
Chavez St.	L 11	2026-09-18 11.29.42.jpg	certain
Chavez Ravine Rd.	J 8	2026-09-18 11.29.42.jpg	certain
Cheesborough Lane	R 15	2026-09-18 11.29.42.jpg	certain
Chelsea St.	Q 11	2026-09-18 11.29.42.jpg	certain
Cheney St.	M 19	2026-09-18 11.29.42.jpg	certain
Cherry St.	F 15	2026-09-18 11.29.42.jpg	certain
Chester Pl.	F 16	2026-09-18 11.29.42.jpg	certain
Chester St.	D 14	2026-09-18 11.29.42.jpg	certain
Chicago St.	O 14	2026-09-18 11.29.42.jpg	certain
Childs St.	D 15	2026-09-18 11.29.42.jpg	certain
Church Ave.	B 14	2026-09-18 11.29.42.jpg	certain
Cimarron St.	A 15	2026-09-18 11.29.42.jpg	certain
Cincinnati St.	P 13	2026-09-18 11.29.42.jpg	certain
City View Ave.	P 13	2026-09-18 11.29.42.jpg	certain
Clanton St.	I 16	2026-09-18 11.29.42.jpg	certain
Clara St.	L 12	2026-09-18 11.29.42.jpg	certain
Clarence St.	M 13	2026-09-18 11.29.42.jpg	certain
Clay St.	J 13	2026-09-18 11.29.42.jpg	certain
Cleveland St.	K 10	2026-09-18 11.29.42.jpg	certain
Cliff St.	F 11	2026-09-18 11.29.42.jpg	certain
Clifton St.	P 7	2026-09-18 11.29.42.jpg	certain
Clinton St.	Q 14	2026-09-18 11.29.42.jpg	certain
Clover St.	N 10	2026-09-18 11.29.42.jpg	certain
Colby Ave.	J 22	2026-09-18 11.29.42.jpg	certain
Colina Ave.	H 11	2026-09-18 11.29.42.jpg	certain
College St.	K 10	2026-09-18 11.29.42.jpg	certain
Collie St.	A 17	2026-09-18 11.29.42.jpg	certain
Colton St.	I 11	2026-09-18 11.29.42.jpg	certain
Columbia Ave.	H 12	2026-09-18 11.29.42.jpg	certain
Colusa St.	R 16	2026-09-18 11.29.42.jpg	certain
Colyton St.	L 14	2026-09-18 11.29.42.jpg	certain
Commercial St.	L 14	2026-09-18 11.29.42.jpg	certain
Commonwealth Ave	E 10	2026-09-18 11.29.42.jpg	certain
Compton Ave.	J 18	2026-09-18 11.29.42.jpg	certain
Concha St.	L 12	2026-09-18 11.29.42.jpg	uncertain
Concord St.	Q 16	2026-09-18 11.29.42.jpg	probable
Confidence St.	F 19	2026-09-18 11.29.42.jpg	certain
Congress Ave.	G 15	2026-09-18 11.29.42.jpg	certain
Constance St.	F 14	2026-09-18 11.29.42.jpg	certain
Connecticut St.	G 13	2026-09-18 11.29.42.jpg	certain
Cooper St.	J 8	2026-09-18 11.29.42.jpg	certain
Cordova St.	D 15	2026-09-18 11.29.42.jpg	certain
Cornwell St.	P 12	2026-09-18 11.29.42.jpg	certain
Corona St.	O 16	2026-09-18 11.29.42.jpg	certain
Coronado St.	F 11	2026-09-18 11.29.42.jpg	certain
Coronel St.	K 10	2026-09-18 11.29.42.jpg	certain
Cortez St.	H 10	2026-09-18 11.29.42.jpg	certain
Corto St.	I 11	2026-09-18 11.29.42.jpg	certain
Cosmo St.	P 12	2026-09-18 11.29.42.jpg	certain
Cottage Home	L 10	2026-09-18 11.29.42.jpg	certain
Cottage Pl.	H 14	2026-09-18 11.29.42.jpg	certain
Council St.	H 10	2026-09-18 11.29.42.jpg	certain
Court St.	K 12	2026-09-18 11.29.42.jpg	certain
Cortland St.	E 14	2026-09-18 11.29.42.jpg	certain
Court Circle St.	I 11	2026-09-18 11.29.42.jpg	certain
Crescent St.	N 3	2026-09-18 11.29.42.jpg	certain
Crittenden St.	H 7	2026-09-18 11.29.42.jpg	certain
Crocker St.	K 14	2026-09-18 11.29.42.jpg	certain
Crosby Pl.	I 9	2026-09-18 11.29.42.jpg	certain
Cummings St.	O 14	2026-09-18 11.29.42.jpg	certain
Curtis St.	L 10	2026-09-18 11.29.42.jpg	certain
Custer Ave.	J 11	2026-09-18 11.29.51.jpg	certain
Cypress Ave.	M 5	2026-09-18 11.29.51.jpg	certain
D St.	I 6	2026-09-18 11.29.51.jpg	certain
Dacotah St.	Q 15	2026-09-18 11.29.51.jpg	certain
Daly St.	O 10	2026-09-18 11.29.51.jpg	certain
Dana St.	D 16	2026-09-18 11.29.51.jpg	certain
Darien Pl.	E 15	2026-09-18 11.29.51.jpg	certain
Dartmouth St.	G 9	2026-09-18 11.29.51.jpg	certain
Darwin Ave.	D 10	2026-09-18 11.29.51.jpg	certain
Date St.	L 11	2026-09-18 11.29.51.jpg	certain
Dauphin St.	R 15	2026-09-18 11.29.51.jpg	certain
Dawn St.	O 16	2026-09-18 11.29.51.jpg	certain
Dayton Ave.	O 7	2026-09-18 11.29.51.jpg	certain
Decatur St.	L 16	2026-09-18 11.29.51.jpg	certain
DeFrees St.	F 6	2026-09-18 11.29.51.jpg	certain
Del Mar Ave.	F 6	2026-09-18 11.29.51.jpg	certain
Del Monte St.	F 18	2026-09-18 11.29.51.jpg	certain
De Long St.	G 15	2026-09-18 11.29.51.jpg	certain
Del Norte	O 6	2026-09-18 11.29.51.jpg	certain
Delta St.	I 7	2026-09-18 11.29.51.jpg	certain
Denker Ave.	B 17	2026-09-18 11.29.51.jpg	certain
Denver Ave.	H 13	2026-09-18 11.29.51.jpg	certain
Dewey St.	D 13	2026-09-18 11.29.51.jpg	certain
Diamond St.	J 11	2026-09-18 11.29.51.jpg	certain
Diana St.	E 10	2026-09-18 11.29.51.jpg	certain
Dillon St.	F 7	2026-09-18 11.29.51.jpg	certain
Dixon	D 14	2026-09-18 11.29.51.jpg	certain
Dobinson St.	Q 13	2026-09-18 11.29.51.jpg	certain
Dominiquez Ave.	I 22	2026-09-18 11.29.51.jpg	certain
Don Abel St.	K 18	2026-09-18 11.29.51.jpg	certain
Donahoe St.	P 11	2026-09-18 11.29.51.jpg	certain
Donalson St.	J 16	2026-09-18 11.29.51.jpg	certain
Dora St.	F 11	2026-09-18 11.29.51.jpg	certain
Dorchester St.	A 14	2026-09-18 11.29.51.jpg	certain
Douglas St.	I 10	2026-09-18 11.29.51.jpg	certain
Douillard St.	N 10	2026-09-18 11.29.51.jpg	certain
Downey Ave.	N 9	2026-09-18 11.29.51.jpg	certain
Duarte St.	K 23	2026-09-18 11.29.51.jpg	certain
Ducommun St.	L 12	2026-09-18 11.29.31.jpg	certain
Durango St.	A 17	2026-09-18 11.29.31.jpg	certain
E St.	I 6	2026-09-18 11.29.31.jpg	certain
Eagle St.	P 15	2026-09-18 11.29.31.jpg	certain
Eagle Rock Ave.	M 3	2026-09-18 11.29.31.jpg	certain
East Lake Ave.	P 10	2026-09-18 11.29.31.jpg	certain
E. Side Boulevard	Q 14	2026-09-18 11.29.31.jpg	certain
Easton St.	M 13	2026-09-18 11.29.31.jpg	certain
Echandia St.	N 13	2026-09-18 11.29.31.jpg	certain
Echo St.	Q 4	2026-09-18 11.29.31.jpg	certain
Echo Park Road	I 6	2026-09-18 11.29.31.jpg	certain
Edgar St.	I 7	2026-09-18 11.29.31.jpg	certain
Edgeware Road	I 7	2026-09-18 11.29.31.jpg	certain
Edwin St.	M 19	2026-09-18 11.29.31.jpg	certain
Effie St.	H 6	2026-09-18 11.29.31.jpg	certain
Eighth St.	J 14	2026-09-18 11.29.31.jpg	certain
Eighteenth St.	G 15	2026-09-18 11.29.31.jpg	certain
Ella Ave.	L 7	2026-09-18 11.29.31.jpg	certain
Elden Ave.	E 13	2026-09-18 11.29.31.jpg	certain
Eldorado St.	E 9	2026-09-18 11.29.31.jpg	certain
Eleventh St.	H 14	2026-09-18 11.29.31.jpg	certain
Elgin St.	N 3	2026-09-18 11.29.31.jpg	certain
Elizabeth St.	L 11	2026-09-18 11.29.31.jpg	certain
Ellendale Pl.	O 16	2026-09-18 11.29.31.jpg	certain
Ellery St.	L 16	2026-09-18 11.29.31.jpg	certain
Elliot St.	M 12	2026-09-18 11.29.31.jpg	certain
Ellsworth St.	F 8	2026-09-18 11.29.31.jpg	certain
El Molino St.	C 13	2026-09-18 11.29.31.jpg	certain
Elmyra St.	L 10	2026-09-18 11.29.31.jpg	certain
Elthea St.	M 6	2026-09-18 11.29.31.jpg	probable
Elwood St.	L 17	2026-09-18 11.29.31.jpg	certain
Elysian St.	J 8	2026-09-18 11.29.31.jpg	certain
Elysian Park	L 8	2026-09-18 11.29.31.jpg	certain
Elysian Park Ave.	J 9	2026-09-18 11.29.31.jpg	certain
Emerald St.	I 11	2026-09-18 11.29.31.jpg	certain
Emerson St.	P 12	2026-09-18 11.29.31.jpg	certain
Emma Ave.	Q 8	2026-09-18 11.29.31.jpg	certain
Emmet St.	Q 15	2026-09-18 11.29.31.jpg	certain
Encino St.	J 23	2026-09-18 11.29.31.jpg	certain
Ensenada St.	J 21	2026-09-18 11.29.31.jpg	certain
Enterprise St.	L 16	2026-09-18 11.29.31.jpg	certain
Esperanza St.	P 17	2026-09-18 11.29.31.jpg	certain
Essex St.	J 17	2026-09-18 11.29.31.jpg	certain
Estrade St.	O 17	2026-09-18 11.29.31.jpg	certain
Estrella Ave.	F 16	2026-09-18 11.29.31.jpg	certain
Etta St.	D 5	2026-09-18 11.29.31.jpg	certain
Euclid Ave.	P 16	2026-09-18 11.29.31.jpg	certain
Eureka St.	H 20	2026-09-18 11.29.31.jpg	certain
Eva Terrace St.	Q 8	2026-09-18 11.29.31.jpg	certain
Everett St.	J 9	2026-09-18 11.29.31.jpg	certain
Evergreen Ave.	Q 14	2026-09-18 11.29.31.jpg	certain
Ezra St.	Q 16	2026-09-18 11.29.31.jpg	certain
F St.	I 6	2026-09-18 11.29.42.jpg	certain
Fair View	N 12	2026-09-18 11.29.42.jpg	certain
Fairman St.	H 7	2026-09-18 11.29.42.jpg	certain
Fairmount St.	P 13	2026-09-18 11.29.42.jpg	certain
Fanita Pl.	E 20	2026-09-18 11.29.42.jpg	certain
Fanning St.	G 8	2026-09-18 11.29.42.jpg	certain
Farmer St.	H 11	2026-09-18 11.29.42.jpg	certain
Fayette	L 3	2026-09-18 11.29.42.jpg	certain
Fedora St.	C 13	2026-09-18 11.29.42.jpg	certain
Felicia St.	K 17	2026-09-18 11.29.42.jpg	certain
Felipe St.	Q 17	2026-09-18 11.29.42.jpg	certain
Ferguson Alley	L 12	2026-09-18 11.29.42.jpg	certain
Fern St.	P 7	2026-09-18 11.29.42.jpg	certain
Fickett St.	P 14	2026-09-18 11.29.42.jpg	certain
Fifth St.	J 14	2026-09-18 11.29.42.jpg	certain
Fifteenth St.	H 15	2026-09-18 11.29.42.jpg	certain
Fiftieth St.	H 22	2026-09-18 11.29.42.jpg	certain
Fifty-first St.	H 22	2026-09-18 11.29.42.jpg	certain
Fifty-second St.	H 22	2026-09-18 11.26.23.jpg	probable
Fifty-third St.	H 22	2026-09-18 11.29.42.jpg	certain
Fifty-fourth St.	H 22	2026-09-18 11.29.42.jpg	certain
Fifty-fifth St.	H 23	2026-09-18 11.29.42.jpg	certain
Fifty-sixth St.	H 23	2026-09-18 11.29.42.jpg	certain
Fifty-seventh St.	H 23	2026-09-18 11.29.42.jpg	certain
Fifty-eighth St.	H 23	2026-09-18 11.29.42.jpg	certain
Figueroa St.	H 14	2026-09-18 11.26.23.jpg	certain
Fireman St.	I 10	2026-09-18 11.26.23.jpg	certain
First St.	K 13	2026-09-18 11.26.23.jpg	certain
Florida St.	H 13	2026-09-18 11.26.23.jpg	certain
Flower St.	H 14	2026-09-18 11.26.23.jpg	certain
Flora Ave.	O 8	2026-09-18 11.26.23.jpg	certain
Folsom St.	P 13	2026-09-18 11.26.23.jpg	certain
Fort Moore Pl.	H 12	2026-09-18 11.26.23.jpg	certain
Fourth St.	J 13	2026-09-18 11.26.23.jpg	certain
Fourteenth St.	H 15	2026-09-18 11.26.23.jpg	certain
Fortieth St.	O 19	2026-09-18 11.26.23.jpg	certain
Forty-first St.	F 19	2026-09-18 11.26.23.jpg	certain
Forty-second St.	H 20	2026-09-18 11.26.23.jpg	certain
Forty-third St.	H 21	2026-09-18 11.26.23.jpg	certain
Forty-fourth St.	C 18	2026-09-18 11.26.23.jpg	certain
Forty-fifth St.	H 21	2026-09-18 11.26.23.jpg	certain
Forty-sixth St.	H 21	2026-09-18 11.26.23.jpg	certain
Forty-seventh St.	H 21	2026-09-18 11.26.23.jpg	certain
Forty-eighth St.	H 21	2026-09-18 11.26.23.jpg	certain
Forty-ninth St.	H 21	2026-09-18 11.26.23.jpg	certain
Fortuna St.	J 23	2026-09-18 11.26.23.jpg	certain
Foster St.	F 17	2026-09-18 11.26.23.jpg	certain
Francis St.	E 12	2026-09-18 11.26.23.jpg	certain
Francisco St.	H 13	2026-09-18 11.26.23.jpg	certain
Franklin St.	K 12	2026-09-18 11.26.23.jpg	certain
Fredonia Ave.	P 4	2026-09-18 11.26.23.jpg	certain
Freight St.	L 14	2026-09-18 11.26.23.jpg	certain
Fremont Ave.	J 11	2026-09-18 11.26.23.jpg	certain
French Ave.	O 6	2026-09-18 11.26.23.jpg	certain
Fresno St.	E 15	2026-09-18 11.30.36.jpg	uncertain
Gallardo St.	N 12	2026-09-18 11.30.36.jpg	certain
Galveston St.	J 8	2026-09-18 11.30.36.jpg	certain
Ganahl St.	Q 12	2026-09-18 11.30.36.jpg	certain
Garcia St.	L 12	2026-09-18 11.30.36.jpg	certain
Garey St.	L 13	2026-09-18 11.30.36.jpg	certain
Garibaldi St.	L 12	2026-09-18 11.30.36.jpg	certain
Garland Ave.	H 13	2026-09-18 11.30.36.jpg	certain
Garnet	N 16	2026-09-18 11.30.36.jpg	certain
Gates St.	P 10	2026-09-18 11.30.36.jpg	certain
Geneva St.	E 10	2026-09-18 11.30.36.jpg	certain
George St.	P 8	2026-09-18 11.30.36.jpg	certain
Georgia St.	G 15	2026-09-18 11.30.36.jpg	certain
Gertrude St.	N 11	2026-09-18 11.30.36.jpg	certain
Gibbons St.	M 10	2026-09-18 11.30.36.jpg	certain
Gillette	N 12	2026-09-18 11.30.36.jpg	certain
Gillig Ave.	Q 7	2026-09-18 11.30.36.jpg	certain
Gillitte St.	N 12	2026-09-18 11.30.36.jpg	certain
Girard St.	F 14	2026-09-18 11.30.36.jpg	certain
Gladstone St.	H 8	2026-09-18 11.30.36.jpg	certain
Gladys Ave.	K 15	2026-09-18 11.30.36.jpg	certain
Glassell St.	F 9	2026-09-18 11.30.36.jpg	certain
Gleason Ave.	P 14	2026-09-18 11.30.36.jpg	certain
Glen Terrace St.	Q 9	2026-09-18 11.30.36.jpg	certain
Glen Albyn Drive	O 5	2026-09-18 11.30.36.jpg	certain
Glenn Ave.	O 17	2026-09-18 11.30.36.jpg	certain
Gless St.	N 13	2026-09-18 11.30.36.jpg	certain
Golden Ave.	N 13	2026-09-18 11.30.36.jpg	certain
Golden Gate Ave.	F 6	2026-09-18 11.30.36.jpg	certain
Goss St.	K 9	2026-09-18 11.30.36.jpg	certain
Grafton St.	I 8	2026-09-18 11.30.36.jpg	certain
Grahm St.	F 7	2026-09-18 11.30.36.jpg	certain
Gramercy Pl.	A 14	2026-09-18 11.30.36.jpg	certain
Granada St.	P 3	2026-09-18 11.30.36.jpg	certain
Grand Ave.	H 14	2026-09-18 11.30.36.jpg	certain
Grand View St.	P 12	2026-09-18 11.30.36.jpg	certain
Grant St.	O 6	2026-09-18 11.30.36.jpg	certain
Grattan St.	G 13	2026-09-18 11.30.36.jpg	certain
Gravilla St.	N 11	2026-09-18 11.30.36.jpg	certain
Griffin Ave.	O 10	2026-09-18 11.30.36.jpg	certain
Griffith Ave.	H 19	2026-09-18 11.30.36.jpg	certain
Grotto Ave.	P 7	2026-09-18 11.30.36.jpg	certain
Grove Ave.	P 15	2026-09-18 11.26.23.jpg	certain
Grover St.	D 14	2026-09-18 11.26.23.jpg	certain
Guava St.	P 3	2026-09-18 11.26.23.jpg	certain
Guirado St.	P 16	2026-09-18 11.26.23.jpg	certain
Hamlet St.	M 3	2026-09-18 11.26.23.jpg	certain
Halladie Ave.	C 13	2026-09-18 11.26.23.jpg	certain
Hancock St.	P 16	2026-09-18 11.26.23.jpg	certain
Hannon St.	K 20	2026-09-18 11.30.09.jpg	certain
Harriet St.	M 18	2026-09-18 11.30.09.jpg	certain
Harrison Ave.	Q 12	2026-09-18 11.30.09.jpg	certain
Hartford Ave.	L 4	2026-09-18 11.30.09.jpg	certain
Harvard Boulevard	B 14	2026-09-18 11.30.09.jpg	certain
Hawley St.	L 10	2026-09-18 11.30.09.jpg	certain
Hawthorne St.	K 16	2026-09-18 11.30.09.jpg	certain
Hayden St.	N 8	2026-09-18 11.30.09.jpg	certain
Hays Ave.	L 4	2026-09-18 11.30.09.jpg	certain
Hazlip	N 9	2026-09-18 11.39.47.jpg	certain
Helen St.	I 9	2026-09-18 11.30.09.jpg	certain
Hemlock St.	K 15	2026-09-18 11.30.09.jpg	certain
Henderson	G 9	2026-09-18 11.30.09.jpg	certain
Henry St.	N 15	2026-09-18 11.30.09.jpg	certain
Hermosa St.	A 15	2026-09-18 11.30.09.jpg	certain
Hewitt St.	L 13	2026-09-18 11.30.09.jpg	certain
Hidalgo St.	C 13	2026-09-18 11.30.09.jpg	certain
Hill St.	A 15	2026-09-18 11.30.09.jpg	certain
Hinton Ave.	J 10	2026-09-18 11.30.09.jpg	certain
Hobart Bld.	B 14	2026-09-18 11.30.09.jpg	certain
Hobson St.	C 13	2026-09-18 11.30.09.jpg	certain
Hollenbeck Ave.	N 16	2026-09-18 11.30.09.jpg	certain
Holliday St.	J 10	2026-09-18 11.30.09.jpg	certain
Hollister Ave.	C 18	2026-09-18 11.30.09.jpg	certain
Holly	M 10	2026-09-18 11.30.09.jpg	certain
Honduras St.	K 21	2026-09-18 11.30.09.jpg	certain
Hooper Ave.	J 18	2026-09-18 11.30.09.jpg	certain
Hoover St.	E 14	2026-09-18 11.30.09.jpg	certain
Hope St.	H 14	2026-09-18 11.30.09.jpg	certain
Horticultural Ave.	D 18	2026-09-18 11.30.09.jpg	certain
Hostetter St.	N 17	2026-09-18 11.30.09.jpg	certain
Hough Ave.	E 17	2026-09-18 11.30.09.jpg	certain
Houston St.	P 13	2026-09-18 11.30.09.jpg	certain
Howard St.	M 12	2026-09-18 11.30.09.jpg	certain
Hub	L 3	2026-09-18 11.30.09.jpg	certain
Hubbard St.	G 8	2026-09-18 11.39.47.jpg	certain
Hudson Ave.	E 7	2026-09-18 11.39.47.jpg	certain
Humboldt St.	N 8	2026-09-18 11.39.47.jpg	certain
Hunter St.	M 17	2026-09-18 11.30.09.jpg	certain
Huron St.	O 7	2026-09-18 11.30.09.jpg	certain
Husted St.	J 6	2026-09-18 11.39.47.jpg	probable
Hyans St.	F 9	2026-09-18 11.39.47.jpg	probable
Hyperian Ave.	F 6	2026-09-18 11.39.47.jpg	certain
Ida St.	G 8	2026-09-18 11.26.23.jpg	certain
Idell St.	N 6	2026-09-18 11.26.23.jpg	certain
Idlewild Ave.	O 7	2026-09-18 11.26.23.jpg	certain
Illinois St.	I 10	2026-09-18 11.26.23.jpg	certain
Imogene Ave.	F 6	2026-09-18 11.26.23.jpg	certain
Inez St.	Q 16	2026-09-18 11.26.23.jpg	certain
Ingraham	G 12	2026-09-18 11.26.23.jpg	certain
Inlet St.	N 17	2026-09-18 11.26.23.jpg	certain
Innes Ave.	J 9	2026-09-18 11.26.23.jpg	certain
Inyo St.	Q 8	2026-09-18 11.26.23.jpg	certain
Ionia	J 10	2026-09-18 11.26.23.jpg	certain
Iowa St.	E 14	2026-09-18 11.26.23.jpg	certain
Irolo St.	C 13	2026-09-18 11.26.23.jpg	certain
Irving St.	Q 12	2026-09-18 11.26.23.jpg	certain
Isabel St.	N 6	2026-09-18 11.26.23.jpg	certain
Ivers Ave.	H 8	2026-09-18 11.26.23.jpg	certain
Ivy St.	K 17	2026-09-18 11.26.23.jpg	certain
Ivanhoe	I 6	2026-09-18 11.26.23.jpg	certain
Jackson St.	L 13	2026-09-18 11.30.09.jpg	certain
James St.	O 6	2026-09-18 11.30.09.jpg	certain
Jarvis St.	L 8	2026-09-18 11.30.09.jpg	certain
Jasmine St.	C 13	2026-09-18 11.30.09.jpg	certain
Jeanette St.	L 12	2026-09-18 11.30.09.jpg	certain
Jefferson St.	G 18	2026-09-18 11.30.09.jpg	certain
Jesse St.	L 15	2026-09-18 11.30.09.jpg	certain
John St.	E 8	2026-09-18 11.30.09.jpg	certain
Johnston St.	Q 20	2026-09-18 11.30.09.jpg	probable
Jonlin St.	A 9	2026-09-18 11.30.21.jpg	certain
Juan St.	L 12	2026-09-18 11.30.09.jpg	certain
Juanita Ave.	E 10	2026-09-18 11.30.09.jpg	certain
Judson St.	P 12	2026-09-18 11.30.09.jpg	certain
Julian St.	P 15	2026-09-18 11.30.09.jpg	certain
Juliet St.	D 16	2026-09-18 11.30.09.jpg	certain
Juniper St.	R 6	2026-09-18 11.30.09.jpg	certain
Kane St.	H 9	2026-09-18 11.30.21.jpg	certain
Kansas Ave.	D 13	2026-09-18 11.30.21.jpg	certain
Kearney St.	M 13	2026-09-18 11.30.21.jpg	certain
Keith St.	Q 9	2026-09-18 11.30.21.jpg	certain
Kellam Ave.	I 9	2026-09-18 11.30.21.jpg	certain
Keller St.	M 12	2026-09-18 11.30.21.jpg	certain
Kensington Rd.	J 9	2026-09-18 11.30.21.jpg	certain
Kent St.	G 8	2026-09-18 11.30.21.jpg	certain
Kercheval	L 17	2026-09-18 11.30.21.jpg	certain
Kern	I 11	2026-09-18 11.30.21.jpg	certain
Kenwood St.	G 16	2026-09-18 11.30.21.jpg	certain
Keys	G 9	2026-09-18 11.30.21.jpg	certain
Keywest St.	E 17	2026-09-18 11.30.21.jpg	certain
King	C 18	2026-09-18 11.30.21.jpg	certain
Kingsley St.	E 17	2026-09-18 11.30.21.jpg	certain
Kingston St.	P 12	2026-09-18 11.30.21.jpg	certain
Kip St.	H 13	2026-09-18 11.26.23.jpg	certain
Kirby St.	M 3	2026-09-18 11.26.23.jpg	certain
Kohler St.	K 15	2026-09-18 11.30.36.jpg	certain
La Bondad St.	L 17	2026-09-18 11.30.21.jpg	certain
Labory Lane	L 12	2026-09-18 11.30.21.jpg	certain
Lacy Ave.	N 7	2026-09-18 11.30.21.jpg	certain
Lafayette St.	L 13	2026-09-18 11.30.21.jpg	certain
Laguna Ave.	I 9	2026-09-18 11.30.21.jpg	certain
Lake St.	F 12	2026-09-18 11.30.21.jpg	certain
Lake Shore Ave.	H 8	2026-09-18 11.30.21.jpg	certain
Lamar St.	N 10	2026-09-18 11.30.21.jpg	certain
Lambie St.	Q 11	2026-09-18 11.30.21.jpg	certain
Lancaster Ave.	O 11	2026-09-18 11.30.21.jpg	certain
Landa St.	H 5	2026-09-18 11.30.21.jpg	certain
Lanfranco St.	P 15	2026-09-18 11.30.21.jpg	certain
Lara St.	Q 12	2026-09-18 11.30.21.jpg	certain
La Salle Ave.	B 15	2026-09-18 11.30.21.jpg	certain
Latham St.	J 22	2026-09-18 11.30.21.jpg	certain
Lathrop Ave.	M 3	2026-09-18 11.30.21.jpg	certain
Lauder St.	H 19	2026-09-18 11.30.21.jpg	certain
La Veta Place	I 9	2026-09-18 11.30.21.jpg	certain
Lawrence St.	L 16	2026-09-18 11.30.21.jpg	certain
Laurel St.	E 14	2026-09-18 11.30.21.jpg	certain
Lebanon St.	J 13	2026-09-18 11.30.21.jpg	certain
Legrand St.	M 16	2026-09-18 11.30.21.jpg	certain
Lee Ave.	E 11	2026-09-18 11.30.21.jpg	certain
Lemon St.	L 17	2026-09-18 11.30.21.jpg	certain
Lemoyne St.	I 8	2026-09-18 11.30.21.jpg	certain
Leonard St.	M 17	2026-09-18 11.30.21.jpg	certain
Leon St.	O 7	2026-09-18 11.30.21.jpg	certain
Leonis St.	M 13	2026-09-18 11.30.21.jpg	certain
Leoti Ave.	C 15	2026-09-18 11.30.21.jpg	certain
Lerdo St.	B 13	2026-09-18 11.30.21.jpg	certain
Leroy St.	M 10	2026-09-18 11.30.21.jpg	certain
Lewis St.	T 1	2026-09-18 11.30.21.jpg	probable
Liberty St.	I 8	2026-09-18 11.30.21.jpg	certain
Lima St.	J 21	2026-09-18 11.30.21.jpg	certain
Lincoln St.	H 13	2026-09-18 11.30.21.jpg	certain
Linda Vista St.	H 7	2026-09-18 11.30.21.jpg	certain
Linden St.	K 16	2026-09-18 11.30.21.jpg	certain
Linwood St.	G 13	2026-09-18 11.30.21.jpg	certain
Little St.	G 12	2026-09-18 11.30.21.jpg	certain
Little Rock Ave.	J 17	2026-09-18 11.30.21.jpg	certain
Live Oak St.	R 15	2026-09-18 11.30.27.jpg	certain
Livingstone Ave.	N 7	2026-09-18 11.26.23.jpg	certain
Logan St.	I 8	2026-09-18 11.26.23.jpg	certain
Loma Drive	H 11	2026-09-18 11.30.27.jpg	certain
London Ave.	G 9	2026-09-18 11.26.23.jpg	certain
Longfellow	R 3	2026-09-18 11.26.23.jpg	probable
Longbeach Ave.	K 19	2026-09-18 11.26.23.jpg	certain
Lookout Drive	K 9	2026-09-18 11.26.23.jpg	certain
Loomis St.	H 13	2026-09-18 11.26.23.jpg	certain
Loosemore	O 5	2026-09-18 11.26.23.jpg	certain
Lord St.	O 12	2026-09-18 11.26.23.jpg	certain
Lorena Ave.	P 17	2026-09-18 11.26.23.jpg	certain
Loreto St.	O 7	2026-09-18 11.26.23.jpg	certain
Los Angeles St.	J 14	2026-09-18 11.26.23.jpg	certain
Lee Ave.	N 22	2026-09-18 11.26.23.jpg	certain
Lovelace Ave.	D 16	2026-09-18 11.26.23.jpg	certain
Lucas Ave.	K 12	2026-09-18 11.30.09.jpg	certain
Lucile Ave.	F 6	2026-09-18 11.30.09.jpg	certain
Lyons	L 12	2026-09-18 11.30.09.jpg	certain
Macea	O 5	2026-09-18 11.30.09.jpg	probable
Macy St.	L 12	2026-09-18 11.30.09.jpg	certain
Magdalena St.	L 11	2026-09-18 11.30.09.jpg	certain
Magneta St.	H 9	2026-09-18 11.30.09.jpg	certain
Malvern	E 14	2026-09-18 11.30.09.jpg	certain
Marion	T 1	2026-09-18 11.30.09.jpg	probable
Magnolia Ave.	E 13	2026-09-18 11.30.09.jpg	certain
Main St.	K 13	2026-09-18 11.30.09.jpg	certain
Maines Ave.	D 15	2026-09-18 11.30.09.jpg	certain
Malabar St.	P 13	2026-09-18 11.30.09.jpg	certain
Malcolmson St.	F 20	2026-09-18 11.30.09.jpg	certain
Mallard	H 13	2026-09-18 11.30.09.jpg	certain
Malta St.	P 3	2026-09-18 11.30.09.jpg	certain
Maltman Ave.	F 6	2026-09-18 11.30.09.jpg	certain
Manitou Ave.	O 9	2026-09-18 11.30.09.jpg	certain
Manhattan	A 14	2026-09-18 11.30.09.jpg	certain
Mann St.	L 10	2026-09-18 11.30.09.jpg	certain
Manzanita Ave.	E 8	2026-09-18 11.30.09.jpg	certain
Maple Ave.	I 15	2026-09-18 11.30.09.jpg	certain
Marathon Ave.	G 8	2026-09-18 11.30.09.jpg	certain
Marchessault St.	L 12	2026-09-18 11.30.09.jpg	certain
Marengo Ave.	O 11	2026-09-18 11.30.09.jpg	certain
Marietta St.	O 16	2026-09-18 11.30.09.jpg	certain
Marion Ave.	J 10	2026-09-18 11.30.09.jpg	certain
Market St.	K 12	2026-09-18 11.30.09.jpg	certain
Marmion Way	L 4	2026-09-18 11.30.09.jpg	certain
Mary Lane	L 12	2026-09-18 11.30.09.jpg	certain
Maryland St.	G 11	2026-09-18 11.30.09.jpg	certain
Mason St.	K 23	2026-09-18 11.30.09.jpg	certain
Masenta	H 9	2026-09-18 11.30.09.jpg	probable
Mateo St.	L 15	2026-09-18 11.30.09.jpg	certain
Mathews St.	P 14	2026-09-18 11.30.09.jpg	certain
Mattison St.	F 11	2026-09-18 11.30.09.jpg	certain
May St.	P 11	2026-09-18 11.30.09.jpg	certain
Mayberry St.	H 7	2026-09-18 11.30.09.jpg	certain
McAllister St.	O 12	2026-09-18 11.30.09.jpg	certain
McClintock Ave.	D 18	2026-09-18 11.30.09.jpg	certain
McCullom St.	H 7	2026-09-18 11.26.23.jpg	certain
McDuff St.	L 8	2026-09-18 11.26.23.jpg	certain
McGary St.	K 17	2026-09-18 11.26.23.jpg	certain
McKinley Ave.	H 22	2026-09-18 11.26.23.jpg	certain
McLean Road	N 15	2026-09-18 11.26.23.jpg	certain
McPherson St.	M 17	2026-09-18 11.26.23.jpg	certain
Medford St.	R 11	2026-09-18 11.26.23.jpg	certain
Mellus St.	M 14	2026-09-18 11.26.23.jpg	certain
Melvin St.	P 15	2026-09-18 11.30.21.jpg	certain
Menlo Ave.	E 16	2026-09-18 11.30.21.jpg	certain
Merced St.	N 6	2026-09-18 11.30.21.jpg	certain
Merchant	L 15	2026-09-18 11.30.21.jpg	certain
Merrick St.	K 14	2026-09-18 11.30.21.jpg	certain
Merwin St.	G 8	2026-09-18 11.30.21.jpg	certain
Mesa Ave.	L 3	2026-09-18 11.30.21.jpg	certain
Mesnager Ave.	M 10	2026-09-18 11.30.21.jpg	certain
Mesquit St.	M 15	2026-09-18 11.30.21.jpg	certain
Metcalf St.	I 10	2026-09-18 11.30.21.jpg	certain
Miami Ave.	E 10	2026-09-18 11.30.21.jpg	certain
Micheltoreno St.	F 7	2026-09-18 11.30.21.jpg	certain
Michigan Ave.	O 13	2026-09-18 11.30.21.jpg	certain
Midland	P 6	2026-09-18 11.30.21.jpg	certain
Mignonette St.	J 11	2026-09-18 11.30.21.jpg	certain
Millard Ave.	D 14	2026-09-18 11.30.21.jpg	certain
Milton St.	I 7	2026-09-18 11.30.21.jpg	certain
Milwaukee St.	L 3	2026-09-18 11.30.21.jpg	certain
Mimosa St.	L 15	2026-09-18 11.30.21.jpg	certain
Minerva St.	M 18	2026-09-18 11.30.21.jpg	certain
Minnesota St.	P 8	2026-09-18 11.30.21.jpg	certain
Miramar St.	G 11	2026-09-18 11.30.21.jpg	certain
Miranda St.	E 15	2026-09-18 11.30.21.jpg	certain
Miriam St.	O 17	2026-09-18 11.30.21.jpg	certain
Mission Road	O 11	2026-09-18 11.30.21.jpg	probable
Mitchell Place	N 12	2026-09-18 11.30.21.jpg	certain
Moffet Alley	N 8	2026-09-18 11.30.21.jpg	certain
Mohawk St.	H 8	2026-09-18 11.30.21.jpg	certain
Molino St.	L 14	2026-09-18 11.30.21.jpg	certain
Moneta Ave.	F 21	2026-09-18 11.30.21.jpg	certain
Monmouth Ave.	E 16	2026-09-18 11.30.21.jpg	certain
Mono St.	M 13	2026-09-18 11.30.21.jpg	certain
Montrose St.	H 8	2026-09-18 11.30.21.jpg	certain
Montana St.	I 8	2026-09-18 11.30.21.jpg	certain
Monrovia St.	N 12	2026-09-18 11.30.21.jpg	certain
Montevista St.	L 4	2026-09-18 11.30.21.jpg	certain
Montecito	P 7	2026-09-18 11.30.21.jpg	certain
Montezuma St.	H 9	2026-09-18 11.30.21.jpg	certain
Mountain Ave.	N 3	2026-09-18 11.30.21.jpg	certain
Mora St.	K 9	2026-09-18 11.30.21.jpg	certain
Morton St.	J 7	2026-09-18 11.30.21.jpg	certain
Morcom Ave.	J 6	2026-09-18 11.30.21.jpg	certain
Morning Ave.	O 5	2026-09-18 11.30.21.jpg	certain
Mott St.	P 15	2026-09-18 11.30.21.jpg	certain
Moulton Ave.	N 10	2026-09-18 11.30.21.jpg	certain
Mozart	O 10	2026-09-18 11.30.21.jpg	certain
Murdock Ave.	G 22	2026-09-18 11.30.21.jpg	certain
Myers St.	M 13	2026-09-18 11.30.21.jpg	certain
Myrtle St.	I 16	2026-09-18 11.30.21.jpg	certain
Nadeau St.	L 23	2026-09-18 11.30.21.jpg	certain
Naomi Ave.	L 19	2026-09-18 11.30.21.jpg	certain
Napa St.	F 9	2026-09-18 11.30.21.jpg	certain
Nand St.	M 10	2026-09-18 11.30.21.jpg	probable
Navarro St.	M 10	2026-09-18 11.30.21.jpg	certain
New Depot St.	K 10	2026-09-18 11.30.21.jpg	certain
Negro Alley	K 12	2026-09-18 11.30.21.jpg	certain
Newell St.	N 10	2026-09-18 11.30.21.jpg	certain
New England St.	E 14	2026-09-18 11.30.21.jpg	certain
Newhall St.	G 10	2026-09-18 11.30.21.jpg	certain
Newland St.	M 3	2026-09-18 11.30.21.jpg	certain
New Hampshire St.	O 12	2026-09-18 11.30.21.jpg	certain
New High St.	K 12	2026-09-18 11.30.21.jpg	certain
New Jersey St.	O 13	2026-09-18 11.30.21.jpg	certain
New Orleans St.	A 16	2026-09-18 11.30.21.jpg	certain
Newton St.	J 17	2026-09-18 11.30.21.jpg	certain
New York Ave.	M 3	2026-09-18 11.30.21.jpg	certain
Nina St.	R 12	2026-09-18 11.30.21.jpg	certain
Ninth St.	H 14	2026-09-18 11.30.21.jpg	certain
Nob Hill Ave.	G 11	2026-09-18 11.30.21.jpg	certain
Norfolk St.	P 11	2026-09-18 11.30.21.jpg	certain
Normandie Ave.	C 14	2026-09-18 11.30.21.jpg	certain
Norwood St.	F 16	2026-09-18 11.30.21.jpg	certain
Ocean View Ave.	F 11	2026-09-18 11.30.27.jpg	certain
Occidental	E 10	2026-09-18 11.30.27.jpg	certain
Ogier St.	L 11	2026-09-18 11.30.27.jpg	certain
Ohio St.	I 11	2026-09-18 11.30.27.jpg	certain
Oak St.	F 15	2026-09-18 11.30.27.jpg	certain
Old Temple Road	E 8	2026-09-18 11.30.27.jpg	certain
Olive St.	H 14	2026-09-18 11.30.27.jpg	certain
Olive Court	J 12	2026-09-18 11.30.27.jpg	certain
Olvera St.	L 12	2026-09-18 11.30.27.jpg	certain
Olney St.	F 20	2026-09-18 11.30.27.jpg	certain
Olympian Ave.	J 6	2026-09-18 11.30.27.jpg	probable
Omaha St.	I 10	2026-09-18 11.30.21.jpg	certain
Omar Ave.	K 14	2026-09-18 11.30.21.jpg	certain
Ontario St.	H 5	2026-09-18 11.30.27.jpg	certain
Opal St.	N 16	2026-09-18 11.30.27.jpg	certain
Orange St.	G 12	2026-09-18 11.30.27.jpg	certain
Orchard Ave.	E 17	2026-09-18 11.30.27.jpg	certain
Ord St.	K 11	2026-09-18 11.30.27.jpg	certain
Oregon	O 16	2026-09-18 11.30.27.jpg	certain
Orme Ave.	O 17	2026-09-18 11.30.27.jpg	certain
Oro St.	G 9	2026-09-18 11.30.27.jpg	certain
Ortega St.	H 22	2026-09-18 11.30.27.jpg	certain
Ottawa St.	H 14	2026-09-18 11.30.27.jpg	certain
Otter St.	H 9	2026-09-18 11.30.27.jpg	certain
Outlet St.	N 17	2026-09-18 11.30.27.jpg	certain
Overton St.	G 14	2026-09-18 11.30.27.jpg	certain
Oxford Ave.	B 14	2026-09-18 11.30.27.jpg	certain
Pacheo St.	G 10	2026-09-18 11.30.27.jpg	certain
Pacific Ave.	E 14	2026-09-18 11.30.27.jpg	certain
Paige	R 5	2026-09-18 11.30.27.jpg	certain
Palm St.	H 15	2026-09-18 11.30.27.jpg	certain
Palm Drive	G 16	2026-09-18 11.30.27.jpg	certain
Palmer St.	J 8	2026-09-18 11.30.27.jpg	certain
Palmetto St.	L 14	2026-09-18 11.30.27.jpg	certain
Palo Alto St.	H 10	2026-09-18 11.30.27.jpg	certain
Paloma Ave.	J 17	2026-09-18 11.30.09.jpg	probable
Palmer Ave.	J 8	2026-09-18 11.30.09.jpg	uncertain
Park Ave.	L 8	2026-09-18 11.30.09.jpg	uncertain
Park Row	L 8	2026-09-18 11.30.09.jpg	uncertain
Park Grove Ave.	F 16	2026-09-18 11.30.09.jpg	probable
Park View Ave.	F 11	2026-09-18 11.30.09.jpg	probable
Pasadena Ave.	Q 3	2026-09-18 11.30.09.jpg	probable
Patton St.	I 10	2026-09-18 11.30.09.jpg	certain
Pavilion Pl.	K 11	2026-09-18 11.30.09.jpg	probable
Pecan	N 13	2026-09-18 11.30.09.jpg	certain
Pennsylvania Ave.	O 13	2026-09-18 11.30.09.jpg	probable
Pepper Ave.	N 6	2026-09-18 11.30.09.jpg	certain
Percy St.	Q 16	2026-09-18 11.30.09.jpg	certain
Perris St.	R 11	2026-09-18 11.30.09.jpg	certain
Philadelphia St.	L 8	2026-09-18 11.30.09.jpg	certain
Philleo St.	G 8	2026-09-18 11.30.09.jpg	probable
Pico St.	F 14	2026-09-18 11.30.09.jpg	certain
Piedmont Ave.	M 4	2026-09-18 11.30.09.jpg	probable
Plata St.	G 9	2026-09-18 11.30.09.jpg	probable
Plaza St.	K 12	2026-09-18 11.30.09.jpg	probable
Pleasant Ave.	N 13	2026-09-18 11.30.09.jpg	probable
Plymouth St.	P 12	2026-09-18 11.30.09.jpg	probable
Poe	O 8	2026-09-18 11.30.09.jpg	certain
Pollard St.	N 3	2026-09-18 11.30.09.jpg	certain
Pomero Ave.	Q 12	2026-09-18 11.30.09.jpg	probable
Pomona St.	Q 8	2026-09-18 11.30.09.jpg	certain
Porter St.	M 17	2026-09-18 11.30.09.jpg	certain
Portia St.	J 8	2026-09-18 11.30.09.jpg	probable
Portland St.	E 16	2026-09-18 11.30.09.jpg	probable
Post St.	O 7	2026-09-18 11.30.09.jpg	certain
Potter Pl.	I 13	2026-09-18 11.30.09.jpg	probable
Poydras St.	R 15	2026-09-18 11.30.09.jpg	certain
Preston Ave.	J 6	2026-09-18 11.30.09.jpg	certain
Prichard St.	Q 9	2026-09-18 11.30.09.jpg	probable
Princeton Ave.	J 6	2026-09-18 11.30.09.jpg	probable
Prospect Drive	P 3	2026-09-18 11.30.09.jpg	probable
Prospect Place	N 12	2026-09-18 11.30.09.jpg	probable
Prudent St.	L 10	2026-09-18 11.30.09.jpg	probable
Putnam St.	O 11	2026-09-18 11.30.09.jpg	certain
Quebec St.	G 10	2026-09-18 11.30.09.jpg	certain
Queirol St.	L 11	2026-09-18 11.30.09.jpg	probable
Quincy St.	E 16	2026-09-18 11.30.09.jpg	certain
Quinter St.	J 8	2026-09-18 11.30.09.jpg	certain
Railroad St.	L 10	2026-09-18 11.30.09.jpg	certain
Ramirez St.	L 12	2026-09-18 11.30.09.jpg	probable
Ramona Ave.	J 10	2026-09-18 11.30.09.jpg	certain
Rampart St.	E 11	2026-09-18 11.30.21.jpg	certain
Raymond Ave.	C 16	2026-09-18 11.30.21.jpg	certain
Radcliff St.	G 6	2026-09-18 11.30.21.jpg	probable
Redondo St.	L 11	2026-09-18 11.30.21.jpg	certain
Redwood St.	K 6	2026-09-18 11.30.21.jpg	certain
Reid St.	D 14	2026-09-18 11.30.21.jpg	probable
Reed St.	F 20	2026-09-18 11.30.21.jpg	certain
Reno	F 90	2026-09-18 11.26.23.jpg	probable
Repton St.	N 3	2026-09-18 11.30.21.jpg	certain
Republo	K 12	2026-09-18 11.30.21.jpg	probable
Requena St.	K 12	2026-09-18 11.30.21.jpg	probable
Reservoir St.	F 7	2026-09-18 11.30.21.jpg	certain
Reynolds Ave.	R 6	2026-09-18 11.30.21.jpg	certain
Ricardo St.	O 11	2026-09-18 11.30.21.jpg	certain
Rich St.	G 14	2026-09-18 11.30.21.jpg	certain
Richmond St.	O 11	2026-09-18 11.30.21.jpg	certain
Ridge St.	K 9	2026-09-18 11.30.21.jpg	certain
Riecher Ave.	R 6	2026-09-18 11.30.21.jpg	uncertain
Remick	D 18	2026-09-18 11.30.21.jpg	certain
Rinehart St.	O 12	2026-09-18 11.30.21.jpg	certain
Rio St.	M 13	2026-09-18 11.30.21.jpg	certain
Rio Vista Ave.	N 17	2026-09-18 11.30.21.jpg	certain
River St.	O 7	2026-09-18 11.30.21.jpg	certain
Rivera St.	O 15	2026-09-18 11.30.21.jpg	certain
Robinson St.	F 7	2026-09-18 11.30.21.jpg	certain
Rogers Ave.	O 15	2026-09-18 11.30.21.jpg	certain
Rockwood St.	H 11	2026-09-18 11.30.21.jpg	certain
Romeo St.	D 15	2026-09-18 11.30.21.jpg	certain
Romulo St.	N 6	2026-09-18 11.30.21.jpg	certain
Rosabell St.	L 11	2026-09-18 11.30.21.jpg	certain
Rosalind St.	O 18	2026-09-18 11.30.21.jpg	certain
Roosevelt Ave.	C 14	2026-09-18 11.30.21.jpg	certain
Rose St.	L 13	2026-09-18 11.30.21.jpg	certain
Rosecrans Way	E 18	2026-09-18 11.30.21.jpg	certain
Roselawn Pl.	R 3	2026-09-18 11.30.21.jpg	certain
Rosemont St.	G 10	2026-09-18 11.30.21.jpg	certain
Rossini	R 17	2026-09-18 11.30.21.jpg	certain
Rowan St.	O 9	2026-09-18 11.30.21.jpg	certain
Rowland St.	D 14	2026-09-18 11.30.21.jpg	certain
Roxbury St.	B 14	2026-09-18 11.30.21.jpg	certain
Royal St.	E 7	2026-09-18 11.30.21.jpg	certain
Rubio	K 21	2026-09-18 11.30.21.jpg	certain
Ruby St.	N 3	2026-09-18 11.30.21.jpg	certain
Ruth Ave.	K 14	2026-09-18 11.30.21.jpg	certain
Ruth Upham Ave.	Q 6	2026-09-18 11.30.21.jpg	certain
Sabina St.	O 16	2026-09-18 11.30.27.jpg	certain
Sacramento St.	M 16	2026-09-18 11.30.27.jpg	certain
Safford	O 12	2026-09-18 11.30.27.jpg	certain
San Benito St.	O 13	2026-09-18 11.30.27.jpg	certain
Sanchez	K 12	2026-09-18 11.30.27.jpg	certain
San Diego St.	J 23	2026-09-18 11.30.27.jpg	certain
San Fernando St.	L 11	2026-09-18 11.30.27.jpg	certain
San Fernando Rd.	M 6	2026-09-18 11.30.27.jpg	certain
San Julian St.	I 15	2026-09-18 11.30.27.jpg	certain
San Leandro St.	M 18	2026-09-18 11.30.27.jpg	certain
San Marino St.	E 12	2026-09-18 11.30.27.jpg	certain
San Pablo St.	O 11	2026-09-18 11.30.27.jpg	certain
San Pasqual Ave	N 3	2026-09-18 11.30.27.jpg	certain
San Pedro St.	K 14	2026-09-18 11.30.27.jpg	certain
Santa Barbara Ave.	C 19	2026-09-18 11.30.27.jpg	certain
Santa Clara St.	L 17	2026-09-18 11.30.27.jpg	certain
Santa Cruz St.	H 8	2026-09-18 11.30.27.jpg	certain
Santa Fe Ave.	L 14	2026-09-18 11.30.27.jpg	certain
Santa Monica Ave.	C 18	2026-09-18 11.30.27.jpg	certain
Santee St.	H 16	2026-09-18 11.30.27.jpg	certain
Santiago	K 21	2026-09-18 11.30.27.jpg	certain
Sapphire St.	I 11	2026-09-18 11.30.27.jpg	certain
Saratoga St.	P 15	2026-09-18 11.30.27.jpg	certain
Savannah St.	O 15	2026-09-18 11.30.27.jpg	certain
Savoy St.	L 10	2026-09-18 11.30.21.jpg	certain
Scarff St.	F 16	2026-09-18 11.30.21.jpg	certain
Schleffelin	M 10	2026-09-18 11.30.21.jpg	probable
Schlesinger	L 10	2026-09-18 11.30.21.jpg	certain
Scott Ave.	I 8	2026-09-18 11.30.21.jpg	certain
Seaton St.	L 14	2026-09-18 11.30.21.jpg	certain
Second St.	K 13	2026-09-18 11.30.21.jpg	certain
Semple St.	F 9	2026-09-18 11.30.21.jpg	certain
Seneca Ave.	G 21	2026-09-18 11.30.21.jpg	certain
Sentous	G 14	2026-09-18 11.30.21.jpg	certain
Sepulveda	C 14	2026-09-18 11.30.21.jpg	certain
Seventh St.	J 13	2026-09-18 11.30.21.jpg	certain
Seventeenth St.	H 15	2026-09-18 11.30.21.jpg	certain
Severance St.	F 16	2026-09-18 11.30.21.jpg	certain
Seville	A 17	2026-09-18 11.30.21.jpg	certain
Shatto St.	G 12	2026-09-18 11.30.21.jpg	certain
Shearer St.	L 18	2026-09-18 11.30.21.jpg	certain
Sheridan St.	P 13	2026-09-18 11.30.21.jpg	certain
Sherman St.	F 11	2026-09-18 11.30.21.jpg	certain
Short St.	L 14	2026-09-18 11.30.21.jpg	certain
Sichel St.	O 10	2026-09-18 11.30.21.jpg	certain
Sierra St.	O 8	2026-09-18 11.30.21.jpg	certain
Silver St.	H 11	2026-09-18 11.30.21.jpg	certain
Sinova St.	R 6	2026-09-18 11.30.21.jpg	certain
Siskiyou St.	O 17	2026-09-18 11.30.21.jpg	certain
Sixth St.	J 14	2026-09-18 11.30.21.jpg	certain
Sixteenth St.	H 14	2026-09-18 11.30.21.jpg	certain
Slauson Ave.	F 23	2026-09-18 11.30.21.jpg	certain
Sloat St.	O 14	2026-09-18 11.30.21.jpg	certain
Smith St.	G 7	2026-09-18 11.30.21.jpg	certain
Sobieski St.	I 5	2026-09-18 11.30.21.jpg	certain
Solano St.	M 9	2026-09-18 11.30.21.jpg	certain
Sonoma St.	G 8	2026-09-18 11.30.21.jpg	certain
Sotello St.	M 10	2026-09-18 11.30.21.jpg	certain
S. Park	G 21	2026-09-18 11.30.21.jpg	certain
Soto St.	O 15	2026-09-18 11.30.21.jpg	certain
Spence St.	O 17	2026-09-18 11.30.21.jpg	certain
Spring St.	J 14	2026-09-18 11.30.21.jpg	certain
St. Andrews Pl.	A 14	2026-09-18 11.30.21.jpg	certain
St. Charles St.	Q 11	2026-09-18 11.30.21.jpg	certain
St. Elmo St.	L 18	2026-09-18 11.30.21.jpg	certain
St. James St.	M 10	2026-09-18 11.30.21.jpg	certain
St. James Park	F 18	2026-09-18 11.30.09.jpg	certain
St. John St.	M 10	2026-09-18 11.30.09.jpg	certain
St. Louis St.	O 13	2026-09-18 11.30.09.jpg	certain
St. Paul Ave.	H 12	2026-09-18 11.30.09.jpg	certain
St. Vincent Pl.	I 14	2026-09-18 11.30.09.jpg	certain
Stanford Ave.	J 16	2026-09-18 11.30.09.jpg	certain
Stanislaus St.	H 8	2026-09-18 11.30.09.jpg	certain
Star St.	F 14	2026-09-18 11.30.09.jpg	certain
State St.	O 13	2026-09-18 11.30.09.jpg	certain
Staunton Ave.	K 17	2026-09-18 11.30.09.jpg	certain
Stephenson Ave.	L 14	2026-09-18 11.30.09.jpg	certain
Stevens Pl.	K 11	2026-09-18 11.30.09.jpg	certain
Stewart St.	G 13	2026-09-18 11.30.09.jpg	certain
Stockton St.	K 11	2026-09-18 11.30.09.jpg	certain
Story St.	Q 12	2026-09-18 11.30.09.jpg	certain
Sullivan Ave.	D 17	2026-09-18 11.30.09.jpg	certain
Sulphur	M 5	2026-09-18 11.30.09.jpg	certain
Summit Ave.	N 13	2026-09-18 11.30.09.jpg	certain
Sumner Pl.	J 10	2026-09-18 11.30.09.jpg	certain
Sunbury Ave.	G 13	2026-09-18 11.30.09.jpg	certain
Sunrise	P 10	2026-09-18 11.30.09.jpg	certain
Sunset Bld.	J 9	2026-09-18 11.30.09.jpg	certain
Sutter St.	B 14	2026-09-18 11.30.09.jpg	certain
Swift St.	F 17	2026-09-18 11.30.09.jpg	certain
Sylvan Ave.	O 7	2026-09-18 11.30.09.jpg	certain
Tableton St.	K 13	2026-09-18 11.30.09.jpg	probable
Tallman St.	D 17	2026-09-18 11.30.09.jpg	certain
Taylor St.	J 7	2026-09-18 11.30.09.jpg	certain
Teed St.	K 11	2026-09-18 11.30.09.jpg	certain
Tehama St.	O 12	2026-09-18 11.30.09.jpg	certain
Tejon St.	A 16	2026-09-18 11.30.09.jpg	certain
Temple St.	F 9	2026-09-18 11.30.09.jpg	certain
Tennessee St.	K 17	2026-09-18 11.30.09.jpg	certain
Tenth St.	H 14	2026-09-18 11.30.09.jpg	certain
Thalia St.	K 16	2026-09-18 11.30.09.jpg	certain
Third St.	K 13	2026-09-18 11.30.09.jpg	certain
Thirtieth St.	G 18	2026-09-18 11.30.09.jpg	certain
Thirty-first St.	G 18	2026-09-18 11.30.09.jpg	certain
Thirty-second St.	G 18	2026-09-18 11.30.09.jpg	certain
Thirty-third St.	G 18	2026-09-18 11.30.09.jpg	certain
Thirty-fifth St.	G 18	2026-09-18 11.30.09.jpg	certain
Thirty-sixth St.	G 19	2026-09-18 11.30.09.jpg	certain
Thirty-seventh St.	G 19	2026-09-18 11.30.09.jpg	certain
Thirty-eighth St.	F 19	2026-09-18 11.30.09.jpg	certain
Thirty-ninth St.	F 19	2026-09-18 11.30.09.jpg	certain
Thomas St.	P 7	2026-09-18 11.30.09.jpg	certain
Thompson St.	E 16	2026-09-18 11.30.09.jpg	certain
Thorne St.	N 4	2026-09-18 11.30.09.jpg	probable
Thornton Ave.	D 15	2026-09-18 11.30.21.jpg	certain
Thorp St.	F 20	2026-09-18 11.30.21.jpg	certain
Toberman St.	F 15	2026-09-18 11.30.21.jpg	certain
Toledo St.	L 3	2026-09-18 11.30.21.jpg	certain
Toluca St.	T 11	2026-09-18 11.30.21.jpg	probable
Topeka	K 22	2026-09-18 11.30.21.jpg	certain
Towne Ave.	K 14	2026-09-18 11.30.21.jpg	certain
Transit St.	P 11	2026-09-18 11.30.21.jpg	certain
Tremont Ave.	O 11	2026-09-18 11.30.21.jpg	certain
Trenton St.	G 14	2026-09-18 11.30.21.jpg	certain
Trinity St.	H 17	2026-09-18 11.30.21.jpg	certain
Tropico St.	I 6	2026-09-18 11.30.21.jpg	certain
Tivy	K 18	2026-09-18 11.30.21.jpg	probable
Turner St.	L 13	2026-09-18 11.30.21.jpg	certain
Turtle Ave.	P 7	2026-09-18 11.30.21.jpg	certain
Twelfth St.	H 14	2026-09-18 11.30.21.jpg	certain
Twentieth St.	G 16	2026-09-18 11.30.21.jpg	certain
Twenty-first St.	F 15	2026-09-18 11.30.21.jpg	certain
Twenty-second St.	G 16	2026-09-18 11.30.21.jpg	certain
Twenty-third St.	F 15	2026-09-18 11.30.21.jpg	certain
Twenty-fourth St.	H 17	2026-09-18 11.30.21.jpg	certain
Twenty-fifth St.	G 17	2026-09-18 11.30.21.jpg	certain
Twenty-seventh St.	G 17	2026-09-18 11.30.21.jpg	certain
Twenty-eighth St.	G 17	2026-09-18 11.30.21.jpg	certain
Twenty-ninth St.	G 18	2026-09-18 11.30.21.jpg	certain
Union Ave.	F 14	2026-09-18 11.30.27.jpg	certain
Upper Boulevard	Q 14	2026-09-18 11.30.27.jpg	certain
Utah St.	M 13	2026-09-18 11.30.27.jpg	certain
Valencia St.	G 12	2026-09-18 11.30.27.jpg	certain
Valentine	J 6	2026-09-18 11.30.27.jpg	certain
Vallejo	O P	2026-09-18 11.30.27.jpg	uncertain
Valley	G 10	2026-09-18 11.30.27.jpg	certain
Valverde St.	N 16	2026-09-18 11.30.27.jpg	certain
Vargas St.	E 14	2026-09-18 11.30.27.jpg	certain
Velasco St.	F 16	2026-09-18 11.30.27.jpg	certain
Vendome St.	F 7	2026-09-18 11.30.27.jpg	certain
Verde St.	O 12	2026-09-18 11.30.27.jpg	certain
Vermont Ave.	E 18	2026-09-18 11.30.27.jpg	certain
Vernon Ave.	N 21	2026-09-18 11.30.27.jpg	certain
Vestal Ave.	J 6	2026-09-18 11.30.27.jpg	certain
Victor St.	J 10	2026-09-18 11.30.27.jpg	certain
Victoria St.	K 17	2026-09-18 11.30.27.jpg	certain
Vithard	M 10	2026-09-18 11.30.27.jpg	probable
Vignes St.	L 13	2026-09-18 11.30.27.jpg	certain
Vineland St.	J 22	2026-09-18 11.30.27.jpg	certain
Viola St.	I 7	2026-09-18 11.30.27.jpg	certain
Violet St.	L 16	2026-09-18 11.30.27.jpg	certain
Virgil Ave.	E 10	2026-09-18 11.30.27.jpg	certain
Viscaino St.	H 10	2026-09-18 11.30.27.jpg	certain
Von Keithian Ave.	P 7	2026-09-18 11.30.27.jpg	certain
Van Buren Pl.	C 16	2026-09-18 11.30.27.jpg	certain
Walton	D 17	2026-09-18 11.30.27.jpg	certain
Wabash Ave.	O 12	2026-09-18 11.30.27.jpg	certain
Waco Ave.	G 22	2026-09-18 11.30.27.jpg	certain
Wadsworth St.	I 20	2026-09-18 11.30.27.jpg	certain
Wall St.	J 14	2026-09-18 11.30.27.jpg	certain
Walnut St.	I 15	2026-09-18 11.30.27.jpg	certain
Walnut Drive	F 17	2026-09-18 11.30.27.jpg	certain
Wallace St.	I 9	2026-09-18 11.30.27.jpg	certain
Walrath	H 21	2026-09-18 11.30.27.jpg	certain
Warner St.	E 15	2026-09-18 11.30.27.jpg	certain
Warren St.	N 12	2026-09-18 11.30.27.jpg	certain
Washington St.	F 15	2026-09-18 11.30.27.jpg	certain
Waterloo St.	G 8	2026-09-18 11.30.27.jpg	certain
Welcome St.	H 10	2026-09-18 11.30.27.jpg	certain
Weldon St.	L 16	2026-09-18 11.30.27.jpg	certain
Wesley Ave.	E 18	2026-09-18 11.30.27.jpg	certain
West Albion	N 9	2026-09-18 11.30.27.jpg	certain
West End Ave.	N 12	2026-09-18 11.30.27.jpg	certain
West Side Ave.	R 5	2026-09-18 11.30.27.jpg	certain
Western Ave.	B 13	2026-09-18 11.30.27.jpg	certain
Westlake Ave.	F 13	2026-09-18 11.30.27.jpg	certain
Wevse St.	L 10	2026-09-18 11.30.27.jpg	probable
Widney St.	E 18	2026-09-18 11.30.27.jpg	certain
Whittier St.	G 13	2026-09-18 11.30.27.jpg	certain
Wilde St.	K 15	2026-09-18 11.30.27.jpg	certain
Wilhardt St.	M 10	2026-09-18 11.30.27.jpg	certain
Willard Ave.	E 15	2026-09-18 11.30.27.jpg	certain
Willow St.	L 15	2026-09-18 11.30.27.jpg	certain
Wisconsin St.	D 18	2026-09-18 11.30.27.jpg	certain
Wilshire Boulevard	C 11	2026-09-18 11.30.27.jpg	certain
Wilson St.	L 17	2026-09-18 11.30.27.jpg	certain
Wilton Pl.	A 14	2026-09-18 11.30.27.jpg	certain
Windsor St.	H 5	2026-09-18 11.30.27.jpg	certain
Winfield St.	F 13	2026-09-18 11.30.27.jpg	certain
Winston St.	J 14	2026-09-18 11.30.27.jpg	certain
Witmer St.	H 12	2026-09-18 11.30.27.jpg	certain
Wood Ave.	O 11	2026-09-18 11.30.27.jpg	certain
Woodlawn St.	G 19	2026-09-18 11.30.27.jpg	certain
Woodman Ave.	G 22	2026-09-18 11.30.27.jpg	certain
Woodworth Court	K 13	2026-09-18 11.30.27.jpg	certain
Workman St.	O 10	2026-09-18 11.30.27.jpg	certain
Wright St.	G 14	2026-09-18 11.30.27.jpg	certain
Yale St.	K 11	2026-09-18 11.26.23.jpg	certain
Yorba St.	R 6	2026-09-18 11.26.23.jpg	probable
York St.	D 5	2026-09-18 11.26.23.jpg	certain
Yosemite St.	N 12	2026-09-18 11.26.23.jpg	certain
Yuba St.	L 3	2026-09-18 11.26.23.jpg	certain
Yolo Drive	L 3	2026-09-18 11.26.23.jpg	certain
Zonal Ave.	Q 12	2026-09-18 11.26.23.jpg	certain
Zamora	J 21	2026-09-18 11.26.23.jpg	certain
Zalvidea	G 3	2026-09-18 11.26.23.jpg	probable
